tweet_id,timestamp,source,text,retweeted_status_id,retweeted_status_user_id,retweeted_status_timestamp,rating_numerator,rating_denominator,name,stage,jpg_url,img_num,p1,p1_conf,p1_dog,p2,p2_conf,p2_dog,p3,p3_conf,p3_dog,retweet_count,favorite_count
892420643555336193,2017-08-01 16:23:56+00:00,"<a href=""http://twitter.com/download/iphone"" rel=""nofollow"">Twitter for iPhone</a>",This is Phineas. He's a mystical boy. Only ever appears in the hole of a donut. 13/10 https://t.co/MgUWQ76dJU,,,,13,10,Phineas,none,https://pbs.twimg.com/media/DGKD1-bXoAAIAUK.jpg,1,orange,0.0970486,False,bagel,0.08585110000000001,False,banana,0.07611,False,7009,33809
892177421306343426,2017-08-01 00:17:27+00:00,"<a href=""http://twitter.com/download/iphone"" rel=""nofollow"">Twitter for iPhone</a>","This is Tilly. She's just checking pup on you. Hopes you're doing ok. If not, she's available for pats, snugs, boops, the whole bit. 13/10 https://t.co/0Xxu71qeIV",,,,13,10,Tilly,none,https://pbs.twimg.com/media/DGGmoV4XsAAUL6n.jpg,1,Chihuahua,0.323581,True,Pekinese,0.0906465,True,papillon,0.0689569,True,5301,29332
891815181378084864,2017-07-31 00:18:03+00:00,"<a href=""http://twitter.com/download/iphone"" rel=""nofollow"">Twitter for iPhone</a>",This is Archie. He is a rare Norwegian Pouncing Corgo. Lives in the tall grass. You never know when one may strike. 12/10 https://t.co/wUnZnhtVJB,,,,12,10,Archie,none,https://pbs.twimg.com/media/DGBdLU1WsAANxJ9.jpg,1,Chihuahua,0.716012,True,malamute,0.078253,True,kelpie,0.0313789,True,3481,22052
891689557279858688,2017-07-30 15:58:51+00:00,"<a href=""http://twitter.com/download/iphone"" rel=""nofollow"">Twitter for iPhone</a>",This is Darla. She commenced a snooze mid meal. 13/10 happens to the best of us https://t.co/tD36da7qLQ,,,,13,10,Darla,none,https://pbs.twimg.com/media/DF_q7IAWsAEuuN8.jpg,1,paper towel,0.17027799999999998,False,Labrador retriever,0.168086,True,spatula,0.0408359,False,7225,36937
891327558926688256,2017-07-29 16:00:24+00:00,"<a href=""http://twitter.com/download/iphone"" rel=""nofollow"">Twitter for iPhone</a>","This is Franklin. He would like you to stop calling him ""cute."" He is a very fierce shark and should be respected as such. 12/10 #BarkWeek https://t.co/AtUZn91f7f",,,,12,10,Franklin,none,https://pbs.twimg.com/media/DF6hr6BUMAAzZgT.jpg,2,basset,0.555712,True,English springer,0.22577,True,German short-haired pointer,0.175219,True,7760,35311
891087950875897856,2017-07-29 00:08:17+00:00,"<a href=""http://twitter.com/download/iphone"" rel=""nofollow"">Twitter for iPhone</a>",Here we have a majestic great white breaching off South Africa's coast. Absolutely h*ckin breathtaking. 13/10 (IG: tucker_marlo) #BarkWeek https://t.co/kQ04fDDRmh,,,,13,10,None,none,https://pbs.twimg.com/media/DF3HwyEWsAABqE6.jpg,1,Chesapeake Bay retriever,0.425595,True,Irish terrier,0.116317,True,Indian elephant,0.07690219999999999,False,2602,17810
890971913173991426,2017-07-28 16:27:12+00:00,"<a href=""http://twitter.com/download/iphone"" rel=""nofollow"">Twitter for iPhone</a>","Meet Jax. He enjoys ice cream so much he gets nervous around it. 13/10 help Jax enjoy more things by clicking below

https://t.co/Zr4hWfAs1H https://t.co/tVJBRMnhxl",,,,13,10,Jax,none,https://pbs.twimg.com/media/DF1eOmZXUAALUcq.jpg,1,Appenzeller,0.34170300000000003,True,Border collie,0.199287,True,ice lolly,0.193548,False,1663,10363
890729181411237888,2017-07-28 00:22:40+00:00,"<a href=""http://twitter.com/download/iphone"" rel=""nofollow"">Twitter for iPhone</a>",When you watch your owner call another dog a good boy but then they turn back to you and say you're a great boy. 13/10 https://t.co/v0nONBcwxq,,,,13,10,None,none,https://pbs.twimg.com/media/DFyBahAVwAAhUTd.jpg,2,Pomeranian,0.566142,True,Eskimo dog,0.17840599999999998,True,Pembroke,0.0765069,True,15752,56866
890609185150312448,2017-07-27 16:25:51+00:00,"<a href=""http://twitter.com/download/iphone"" rel=""nofollow"">Twitter for iPhone</a>",This is Zoey. She doesn't want to be one of the scary sharks. Just wants to be a snuggly pettable boatpet. 13/10 #BarkWeek https://t.co/9TwLuAGH0b,,,,13,10,Zoey,none,https://pbs.twimg.com/media/DFwUU__XcAEpyXI.jpg,1,Irish terrier,0.487574,True,Irish setter,0.193054,True,Chesapeake Bay retriever,0.118184,True,3620,24522
890240255349198849,2017-07-26 15:59:51+00:00,"<a href=""http://twitter.com/download/iphone"" rel=""nofollow"">Twitter for iPhone</a>",This is Cassie. She is a college pup. Studying international doggo communication and stick theory. 14/10 so elegant much sophisticate https://t.co/t1bfwz5S2A,,,,14,10,Cassie,doggo,https://pbs.twimg.com/media/DFrEyVuW0AAO3t9.jpg,1,Pembroke,0.511319,True,Cardigan,0.451038,True,Chihuahua,0.0292482,True,6098,27959
890006608113172480,2017-07-26 00:31:25+00:00,"<a href=""http://twitter.com/download/iphone"" rel=""nofollow"">Twitter for iPhone</a>",This is Koda. He is a South Australian deckshark. Deceptively deadly. Frighteningly majestic. 13/10 would risk a petting #BarkWeek https://t.co/dVPW0B0Mme,,,,13,10,Koda,none,https://pbs.twimg.com/media/DFnwSY4WAAAMliS.jpg,1,Samoyed,0.957979,True,Pomeranian,0.0138835,True,chow,0.00816748,True,6153,27032
889880896479866881,2017-07-25 16:11:53+00:00,"<a href=""http://twitter.com/download/iphone"" rel=""nofollow"">Twitter for iPhone</a>",This is Bruno. He is a service shark. Only gets out of the water to assist you. 13/10 terrifyingly good boy https://t.co/u1XPQMl29g,,,,13,10,Bruno,none,https://pbs.twimg.com/media/DFl99B1WsAITKsg.jpg,1,French bulldog,0.377417,True,Labrador retriever,0.151317,True,muzzle,0.0829811,False,4166,24566
889665388333682689,2017-07-25 01:55:32+00:00,"<a href=""http://twitter.com/download/iphone"" rel=""nofollow"">Twitter for iPhone</a>",Here's a puppo that seems to be on the fence about something haha no but seriously someone help her. 13/10 https://t.co/BxvuXk0UCm,,,,13,10,None,puppo,https://pbs.twimg.com/media/DFi579UWsAAatzw.jpg,1,Pembroke,0.966327,True,Cardigan,0.0273557,True,basenji,0.00463323,True,8349,42058
889638837579907072,2017-07-25 00:10:02+00:00,"<a href=""http://twitter.com/download/iphone"" rel=""nofollow"">Twitter for iPhone</a>",This is Ted. He does his best. Sometimes that's not enough. But it's ok. 12/10 would assist https://t.co/f8dEDcrKSR,,,,12,10,Ted,none,https://pbs.twimg.com/media/DFihzFfXsAYGDPR.jpg,1,French bulldog,0.99165,True,boxer,0.00212864,True,Staffordshire bullterrier,0.00149818,True,3715,23673
889531135344209921,2017-07-24 17:02:04+00:00,"<a href=""http://twitter.com/download/iphone"" rel=""nofollow"">Twitter for iPhone</a>",This is Stuart. He's sporting his favorite fanny pack. Secretly filled with bones only. 13/10 puppared puppo #BarkWeek https://t.co/y70o6h3isq,,,,13,10,Stuart,puppo,https://pbs.twimg.com/media/DFg_2PVW0AEHN3p.jpg,1,golden retriever,0.953442,True,Labrador retriever,0.0138341,True,redbone,0.00795775,True,1881,13354
889278841981685760,2017-07-24 00:19:32+00:00,"<a href=""http://twitter.com/download/iphone"" rel=""nofollow"">Twitter for iPhone</a>",This is Oliver. You're witnessing one of his many brutal attacks. Seems to be playing with his victim. 13/10 fr*ckin frightening #BarkWeek https://t.co/WpHvrQedPb,,,,13,10,Oliver,none,https://pbs.twimg.com/ext_tw_video_thumb/889278779352338437/pu/img/VlbFB3v8H8VwzVNY.jpg,1,whippet,0.626152,True,borzoi,0.194742,True,Saluki,0.0273507,True,4443,22118
888917238123831296,2017-07-23 00:22:39+00:00,"<a href=""http://twitter.com/download/iphone"" rel=""nofollow"">Twitter for iPhone</a>",This is Jim. He found a fren. Taught him how to sit like the good boys. 12/10 for both https://t.co/chxruIOUJN,,,,12,10,Jim,none,https://pbs.twimg.com/media/DFYRgsOUQAARGhO.jpg,1,golden retriever,0.714719,True,Tibetan mastiff,0.120184,True,Labrador retriever,0.105506,True,3761,25640
888804989199671297,2017-07-22 16:56:37+00:00,"<a href=""http://twitter.com/download/iphone"" rel=""nofollow"">Twitter for iPhone</a>",This is Zeke. He has a new stick. Very proud of it. Would like you to throw it for him without taking it. 13/10 would do my best https://t.co/HTQ77yNQ5K,,,,13,10,Zeke,none,https://pbs.twimg.com/media/DFWra-3VYAA2piG.jpg,1,golden retriever,0.46976,True,Labrador retriever,0.184172,True,English setter,0.0734817,True,3535,22464
888554962724278272,2017-07-22 00:23:06+00:00,"<a href=""http://twitter.com/download/iphone"" rel=""nofollow"">Twitter for iPhone</a>",This is Ralphus. He's powering up. Attempting maximum borkdrive. 13/10 inspirational af https://t.co/YnYAFCTTiK,,,,13,10,Ralphus,none,https://pbs.twimg.com/media/DFTH_O-UQAACu20.jpg,3,Siberian husky,0.700377,True,Eskimo dog,0.166511,True,malamute,0.111411,True,2877,17316
888078434458587136,2017-07-20 16:49:33+00:00,"<a href=""http://twitter.com/download/iphone"" rel=""nofollow"">Twitter for iPhone</a>",This is Gerald. He was just told he didn't get the job he interviewed for. A h*ckin injustice. 12/10 didn't want the job anyway https://t.co/DK7iDPfuRX,,,,12,10,Gerald,none,https://pbs.twimg.com/media/DFMWn56WsAAkA7B.jpg,1,French bulldog,0.995026,True,pug,0.000931908,True,bull mastiff,0.000903211,True,2892,19149
887705289381826560,2017-07-19 16:06:48+00:00,"<a href=""http://twitter.com/download/iphone"" rel=""nofollow"">Twitter for iPhone</a>",This is Jeffrey. He has a monopoly on the pool noodles. Currently running a 'boop for two' midweek sale. 13/10 h*ckin strategic https://t.co/PhrUk20Q64,,,,13,10,Jeffrey,none,https://pbs.twimg.com/media/DFHDQBbXgAEqY7t.jpg,1,basset,0.821664,True,redbone,0.0875815,True,Weimaraner,0.026236400000000003,True,4533,26626
887517139158093824,2017-07-19 03:39:09+00:00,"<a href=""http://twitter.com/download/iphone"" rel=""nofollow"">Twitter for iPhone</a>",I've yet to rate a Venezuelan Hover Wiener. This is such an honor. 14/10 paw-inspiring af (IG: roxy.thedoxy) https://t.co/20VrLAA8ba,,,,14,10,such,none,https://pbs.twimg.com/ext_tw_video_thumb/887517108413886465/pu/img/WanJKwssZj4VJvL9.jpg,1,limousine,0.130432,False,tow truck,0.0291754,False,shopping cart,0.0263208,False,9853,40721
887473957103951883,2017-07-19 00:47:34+00:00,"<a href=""http://twitter.com/download/iphone"" rel=""nofollow"">Twitter for iPhone</a>",This is Canela. She attempted some fancy porch pics. They were unsuccessful. 13/10 someone help her https://t.co/cLyzpcUcMX,,,,13,10,Canela,none,https://pbs.twimg.com/media/DFDw2tyUQAAAFke.jpg,2,Pembroke,0.809197,True,Rhodesian ridgeback,0.05495,True,beagle,0.0389148,True,15025,60194
887343217045368832,2017-07-18 16:08:03+00:00,"<a href=""http://twitter.com/download/iphone"" rel=""nofollow"">Twitter for iPhone</a>",You may not have known you needed to see this today. 13/10 please enjoy (IG: emmylouroo) https://t.co/WZqNqygEyV,,,,13,10,None,none,https://pbs.twimg.com/ext_tw_video_thumb/887343120832229379/pu/img/6HSuFrW1lzI_9Mht.jpg,1,Mexican hairless,0.330741,True,sea lion,0.275645,False,Weimaraner,0.134203,True,8814,29588
887101392804085760,2017-07-18 00:07:08+00:00,"<a href=""http://twitter.com/download/iphone"" rel=""nofollow"">Twitter for iPhone</a>",This... is a Jubilant Antarctic House Bear. We only rate dogs. Please only send dogs. Thank you... 12/10 would suffocate in floof https://t.co/4Ad1jzJSdp,,,,12,10,None,none,https://pbs.twimg.com/media/DE-eAq6UwAA-jaE.jpg,1,Samoyed,0.733942,True,Eskimo dog,0.0350295,True,Staffordshire bullterrier,0.029704700000000007,True,4990,26981
886983233522544640,2017-07-17 16:17:36+00:00,"<a href=""http://twitter.com/download/iphone"" rel=""nofollow"">Twitter for iPhone</a>",This is Maya. She's very shy. Rarely leaves her cup. 13/10 would find her an environment to thrive in https://t.co/I6oNy0CgiT,,,,13,10,Maya,none,https://pbs.twimg.com/media/DE8yicJW0AAAvBJ.jpg,2,Chihuahua,0.793469,True,toy terrier,0.143528,True,can opener,0.0322529,False,6318,30381
886736880519319552,2017-07-16 23:58:41+00:00,"<a href=""http://twitter.com/download/iphone"" rel=""nofollow"">Twitter for iPhone</a>","This is Mingus. He's a wonderful father to his smol pup. Confirmed 13/10, but he needs your help

https://t.co/bVi0Yr4Cff https://t.co/ISvKOSkd5b",,,,13,10,Mingus,none,https://pbs.twimg.com/media/DE5Se8FXcAAJFx4.jpg,1,kuvasz,0.309706,True,Great Pyrenees,0.186136,True,Dandie Dinmont,0.08634630000000001,True,2632,10501
886680336477933568,2017-07-16 20:14:00+00:00,"<a href=""http://twitter.com/download/iphone"" rel=""nofollow"">Twitter for iPhone</a>",This is Derek. He's late for a dog meeting. 13/10 pet...al to the metal https://t.co/BCoWue0abA,,,,13,10,Derek,none,https://pbs.twimg.com/media/DE4fEDzWAAAyHMM.jpg,1,convertible,0.738995,False,sports car,0.139952,False,car wheel,0.0441727,False,3735,19736
886366144734445568,2017-07-15 23:25:31+00:00,"<a href=""http://twitter.com/download/iphone"" rel=""nofollow"">Twitter for iPhone</a>",This is Roscoe. Another pupper fallen victim to spontaneous tongue ejections. Get the BlepiPen immediate. 12/10 deep breaths Roscoe https://t.co/RGE08MIJox,,,,12,10,Roscoe,pupper,https://pbs.twimg.com/media/DE0BTnQUwAApKEH.jpg,1,French bulldog,0.999201,True,Chihuahua,0.000361178,True,Boston bull,7.55616e-05,True,2629,18547
886258384151887873,2017-07-15 16:17:19+00:00,"<a href=""http://twitter.com/download/iphone"" rel=""nofollow"">Twitter for iPhone</a>",This is Waffles. His doggles are pupside down. Unsure how to fix. 13/10 someone assist Waffles https://t.co/xZDA9Qsq1O,,,,13,10,Waffles,none,https://pbs.twimg.com/media/DEyfTG4UMAE4aE9.jpg,1,pug,0.943575,True,shower cap,0.0252856,False,Siamese cat,0.00284892,False,5290,24527
885984800019947520,2017-07-14 22:10:11+00:00,"<a href=""http://twitter.com/download/iphone"" rel=""nofollow"">Twitter for iPhone</a>",Viewer discretion advised. This is Jimbo. He will rip ur finger right h*ckin off. Other dog clearly an accessory. 12/10 pls pet with caution https://t.co/BuveP0uMF1,,,,12,10,Jimbo,none,https://pbs.twimg.com/media/DEumeWWV0AA-Z61.jpg,1,Blenheim spaniel,0.972494,True,Shih-Tzu,0.00663012,True,Bernese mountain dog,0.00623915,True,5612,28611
885528943205470208,2017-07-13 15:58:47+00:00,"<a href=""http://twitter.com/download/iphone"" rel=""nofollow"">Twitter for iPhone</a>",This is Maisey. She fell asleep mid-excavation. Happens to the best of us. 13/10 would pat noggin approvingly https://t.co/tp1kQ8i9JF,,,,13,10,Maisey,none,https://pbs.twimg.com/media/DEoH3yvXgAAzQtS.jpg,1,pug,0.369275,True,Labrador retriever,0.265835,True,kuvasz,0.134697,True,5327,31605
885167619883638784,2017-07-12 16:03:00+00:00,"<a href=""http://twitter.com/download/iphone"" rel=""nofollow"">Twitter for iPhone</a>",Here we have a corgi undercover as a malamute. Pawbably doing important investigative work. Zero control over tongue happenings. 13/10 https://t.co/44ItaMubBf,,,,13,10,None,none,https://pbs.twimg.com/media/DEi_N9qXYAAgEEw.jpg,4,malamute,0.8124819999999999,True,Siberian husky,0.0717125,True,Eskimo dog,0.0557697,True,3669,19255
884925521741709313,2017-07-12 00:01:00+00:00,"<a href=""http://twitter.com/download/iphone"" rel=""nofollow"">Twitter for iPhone</a>","This is Earl. He found a hat. Nervous about what you think of it. 12/10 it's delightful, Earl https://t.co/MYJvdlNRVa",,,,12,10,Earl,none,https://pbs.twimg.com/media/DEfjEaNXkAAtPlj.jpg,1,Italian greyhound,0.259916,True,American Staffordshire terrier,0.198451,True,Staffordshire bullterrier,0.127725,True,15024,67287
884876753390489601,2017-07-11 20:47:12+00:00,"<a href=""http://twitter.com/download/iphone"" rel=""nofollow"">Twitter for iPhone</a>",This is Lola. It's her first time outside. Must test the earth and taste the atmosphere. 13/10 you're doing great Lola https://t.co/74TKAUsLkO,,,,13,10,Lola,none,https://pbs.twimg.com/media/DEe2tZXXkAAwyX3.jpg,1,chow,0.822103,True,Norwich terrier,0.106075,True,Norfolk terrier,0.0373485,True,4673,24386
884562892145688576,2017-07-11 00:00:02+00:00,"<a href=""http://twitter.com/download/iphone"" rel=""nofollow"">Twitter for iPhone</a>",This is Kevin. He's just so happy. 13/10 what is your secret Kevin https://t.co/1r4MFCbCX5,,,,13,10,Kevin,none,https://pbs.twimg.com/media/DEaZQkfXUAEC7qB.jpg,1,pug,0.5464060000000001,True,French bulldog,0.404291,True,Brabancon griffon,0.0440019,True,3910,21319
884441805382717440,2017-07-10 15:58:53+00:00,"<a href=""http://twitter.com/download/iphone"" rel=""nofollow"">Twitter for iPhone</a>","I present to you, Pup in Hat. Pup in Hat is great for all occasions. Extremely versatile. Compact as h*ck. 14/10 (IG: itselizabethgales) https://t.co/vvBOcC2VdC",,,,14,10,None,none,https://pbs.twimg.com/media/DEYrIZwWsAA2Wo5.jpg,1,Pembroke,0.993225,True,Cardigan,0.00321648,True,Chihuahua,0.00208089,True,4790,23868
884162670584377345,2017-07-09 21:29:42+00:00,"<a href=""http://twitter.com/download/iphone"" rel=""nofollow"">Twitter for iPhone</a>",Meet Yogi. He doesn't have any important dog meetings today he just enjoys looking his best at all times. 12/10 for dangerously dapper doggo https://t.co/YSI00BzTBZ,,,,12,10,Yogi,doggo,https://pbs.twimg.com/media/DEUtQbzW0AUTv_o.jpg,1,German shepherd,0.707046,True,malinois,0.199396,True,Norwegian elkhound,0.0491476,True,2505,17945
883838122936631299,2017-07-09 00:00:04+00:00,"<a href=""http://twitter.com/download/iphone"" rel=""nofollow"">Twitter for iPhone</a>",This is Noah. He can't believe someone made this mess. Got the vacuum out for you though. Offered to help clean pup. 12/10 super good boy https://t.co/V85xujjDDY,,,,12,10,Noah,none,https://pbs.twimg.com/media/DEQGFgAXUAAEvfi.jpg,1,Doberman,0.610946,True,miniature pinscher,0.299603,True,kelpie,0.0630203,True,2861,19174
883482846933004288,2017-07-08 00:28:19+00:00,"<a href=""http://twitter.com/download/iphone"" rel=""nofollow"">Twitter for iPhone</a>","This is Bella. She hopes her smile made you smile. If not, she is also offering you her favorite monkey. 13.5/10 https://t.co/qjrljjt948",,,,5,10,Bella,none,https://pbs.twimg.com/media/DELC9dZXUAADqUk.jpg,1,golden retriever,0.943082,True,Labrador retriever,0.032409,True,kuvasz,0.00550072,True,8271,40213
883360690899218434,2017-07-07 16:22:55+00:00,"<a href=""http://twitter.com/download/iphone"" rel=""nofollow"">Twitter for iPhone</a>",Meet Grizzwald. He may be the floofiest floofer I ever did see. Lost eyes saving a schoolbus from a volcano erpuption. 13/10 heroic as h*ck https://t.co/rf661IFEYP,,,,13,10,Grizzwald,floofer,https://pbs.twimg.com/media/DEJT3FeXoAAtwUy.jpg,1,chow,0.987997,True,Tibetan mastiff,0.00709872,True,Newfoundland,0.00214033,True,3080,19950
883117836046086144,2017-07-07 00:17:54+00:00,"<a href=""http://twitter.com/download/iphone"" rel=""nofollow"">Twitter for iPhone</a>","Please only send dogs. We don't rate mechanics, no matter how h*ckin good. Thank you... 13/10 would sneak a pat https://t.co/Se5fZ9wp5E",,,,13,10,None,none,https://pbs.twimg.com/media/DEF2-_hXoAAs62q.jpg,2,golden retriever,0.949562,True,Labrador retriever,0.045947900000000014,True,kuvasz,0.00247094,True,5533,32518
882992080364220416,2017-07-06 15:58:11+00:00,"<a href=""http://twitter.com/download/iphone"" rel=""nofollow"">Twitter for iPhone</a>",This is Rusty. He wasn't ready for the first pic. Clearly puppared for the second. 13/10 confirmed great boy https://t.co/tyER0KpdXj,,,,13,10,Rusty,none,https://pbs.twimg.com/media/DEEEnIqXYAAiJh_.jpg,1,Eskimo dog,0.466778,True,Siberian husky,0.406044,True,dingo,0.07341439999999999,False,3247,20984
882762694511734784,2017-07-06 00:46:41+00:00,"<a href=""http://twitter.com/download/iphone"" rel=""nofollow"">Twitter for iPhone</a>",This is Gus. He's quite the cheeky pupper. Already perfected the disinterested wink. 12/10 would let steal my girl https://t.co/D43I96SlVu,,,,12,10,Gus,pupper,https://pbs.twimg.com/media/DEAz_HHXsAA-p_z.jpg,1,Labrador retriever,0.85005,True,Chesapeake Bay retriever,0.074257,True,flat-coated retriever,0.015579399999999997,True,4097,24798
882627270321602560,2017-07-05 15:48:34+00:00,"<a href=""http://twitter.com/download/iphone"" rel=""nofollow"">Twitter for iPhone</a>",This is Stanley. He has his first swim lesson today. Doggle straps adjusted. Ready to go. 13/10 Phelps is nervous (IG: stanleythe_corgi) https://t.co/Nx52PGwH94,,,,13,10,Stanley,none,https://pbs.twimg.com/media/DD-40X3WAAAJPU5.jpg,1,Pembroke,0.542982,True,Chihuahua,0.251988,True,Cardigan,0.107699,True,5063,24600
882268110199369728,2017-07-04 16:01:23+00:00,"<a href=""http://twitter.com/download/iphone"" rel=""nofollow"">Twitter for iPhone</a>",This is Alfy. You're witnessing his first watermelon experience. I think it was a success. 13/10 happy 4th Alfy ðŸ‡ºðŸ‡¸ https://t.co/fYP5RlutfA,,,,13,10,Alfy,none,https://pbs.twimg.com/media/DD5yKdPW0AArzX8.jpg,1,golden retriever,0.762211,True,Labrador retriever,0.0989849,True,cocker spaniel,0.0171995,True,9631,39196
882045870035918850,2017-07-04 01:18:17+00:00,"<a href=""http://twitter.com/download/iphone"" rel=""nofollow"">Twitter for iPhone</a>","This is Koko. Her owner, inspired by Barney, recently built a cart for her to use during walks if she got tired. 13/10 rest easy Koko https://t.co/zeDpnsKX7w",,,,13,10,Koko,none,https://pbs.twimg.com/media/DD2oCl2WAAEI_4a.jpg,1,web site,0.949591,False,dhole,0.0173258,False,golden retriever,0.00694063,True,4082,25723
881906580714921986,2017-07-03 16:04:48+00:00,"<a href=""http://twitter.com/download/iphone"" rel=""nofollow"">Twitter for iPhone</a>",This is Rey. He's a Benebop Cumberfloof. 12/10 dangerously pettable https://t.co/503CgWbhxQ,,,,12,10,Rey,none,https://pbs.twimg.com/media/DD0pWm9XcAAeSBL.jpg,1,Weimaraner,0.291539,True,Chesapeake Bay retriever,0.278966,True,koala,0.12701700000000002,False,2855,21444
881666595344535552,2017-07-03 00:11:11+00:00,"<a href=""http://twitter.com/download/iphone"" rel=""nofollow"">Twitter for iPhone</a>",This is Gary. He couldn't miss this puppertunity for a selfie. Flawless focusing skills. 13/10 would boop intensely https://t.co/7CSWCl8I6s,,,,13,10,Gary,none,https://pbs.twimg.com/media/DDxPFwbWAAEbVVR.jpg,1,Saluki,0.529012,True,Afghan hound,0.25000300000000003,True,golden retriever,0.16073900000000002,True,8960,44555
881536004380872706,2017-07-02 15:32:16+00:00,"<a href=""http://twitter.com/download/iphone"" rel=""nofollow"">Twitter for iPhone</a>","Here is a pupper approaching maximum borkdrive. Zooming at never before seen speeds. 14/10 paw-inspiring af 
(IG: puffie_the_chow) https://t.co/ghXBIIeQZF",,,,14,10,a,pupper,https://pbs.twimg.com/ext_tw_video_thumb/881535971568889856/pu/img/9bawiZ--8FKywTkz.jpg,1,Samoyed,0.281463,True,Angora,0.272066,False,Persian cat,0.114854,False,13403,43442
881268444196462592,2017-07-01 21:49:04+00:00,"<a href=""http://twitter.com/download/iphone"" rel=""nofollow"">Twitter for iPhone</a>",Meet Elliot. He's a Canadian Forrest Pup. Unusual number of antlers for a dog. Sneaky tongue slip to celebrate #Canada150. 12/10 would pet https://t.co/cgwJwowTMC,,,,12,10,Elliot,none,https://pbs.twimg.com/media/DDrk-f9WAAI-WQv.jpg,1,tusker,0.473303,False,Indian elephant,0.245646,False,ibex,0.0556607,False,4493,20479
880935762899988482,2017-06-30 23:47:07+00:00,"<a href=""http://twitter.com/download/iphone"" rel=""nofollow"">Twitter for iPhone</a>",This is Louis. He's crossing. It's a big deal. 13/10 h*ckin breathtaking https://t.co/D0wb1GlKAt,,,,13,10,Louis,none,https://pbs.twimg.com/media/DDm2Z5aXUAEDS2u.jpg,1,street sign,0.251801,False,umbrella,0.115123,False,traffic light,0.0695338,False,2333,15051
880872448815771648,2017-06-30 19:35:32+00:00,"<a href=""http://twitter.com/download/iphone"" rel=""nofollow"">Twitter for iPhone</a>",Ugh not again. We only rate dogs. Please don't send in well-dressed  floppy-tongued street penguins. Dogs only please. Thank you... 12/10 https://t.co/WiAMbTkDPf,,,,12,10,None,none,https://pbs.twimg.com/media/DDl8zzJW0AAisCJ.jpg,1,Pembroke,0.791416,True,Norwich terrier,0.0613929,True,Chihuahua,0.0337257,True,3200,18716
880465832366813184,2017-06-29 16:39:47+00:00,"<a href=""http://twitter.com/download/iphone"" rel=""nofollow"">Twitter for iPhone</a>",This is Bella. She had her first beach experience this morning. Complete success. 12/10 would perform a sandy boop https://t.co/4VsFysDmiw,,,,12,10,Bella,none,https://pbs.twimg.com/media/DDgK-J4XUAIEV9W.jpg,1,golden retriever,0.913255,True,Labrador retriever,0.0263286,True,cocker spaniel,0.00937082,True,5213,25030
880221127280381952,2017-06-29 00:27:25+00:00,"<a href=""http://twitter.com/download/iphone"" rel=""nofollow"">Twitter for iPhone</a>",Meet Jesse. He's a Fetty Woof. His tongue ejects without warning. A true bleptomaniac. 12/10 would snug well https://t.co/fUod0tVmvK,,,,12,10,Jesse,none,https://pbs.twimg.com/media/DDcscbXU0AIfDzs.jpg,1,Chihuahua,0.238525,True,meerkat,0.104256,False,clumber,0.0525803,True,3467,23673
880095782870896641,2017-06-28 16:09:20+00:00,"<a href=""http://twitter.com/download/iphone"" rel=""nofollow"">Twitter for iPhone</a>",Please don't send in photos without dogs in them. We're not @porch_rates. Insubordinate and churlish. Pretty good porch tho 11/10 https://t.co/HauE8M3Bu4,,,,11,10,None,none,https://pbs.twimg.com/media/DDa6ckbXgAAM1vV.jpg,1,miniature pinscher,0.120298,True,Rhodesian ridgeback,0.106395,True,beagle,0.106073,True,3653,24339
879862464715927552,2017-06-28 00:42:13+00:00,"<a href=""http://twitter.com/download/iphone"" rel=""nofollow"">Twitter for iPhone</a>",This is Romeo. He would like to do an entrance. Requesting your immediate assistance. 13/10 https://t.co/Qh5aEkRQm9,,,,13,10,Romeo,none,https://pbs.twimg.com/media/DDXmPrbWAAEKMvy.jpg,3,basset,0.813507,True,beagle,0.146654,True,cocker spaniel,0.00948502,True,2928,19703
879492040517615616,2017-06-27 00:10:17+00:00,"<a href=""http://twitter.com/download/iphone"" rel=""nofollow"">Twitter for iPhone</a>",This is Bailey. He thinks you should measure ear length for signs of growth instead. 12/10 https://t.co/IxM9IMKQq8,,,,12,10,Bailey,none,https://pbs.twimg.com/media/DDSVWMvXsAEgmMK.jpg,1,German short-haired pointer,0.479896,True,vizsla,0.124353,True,bath towel,0.0733202,False,2628,20709
879415818425184262,2017-06-26 19:07:24+00:00,"<a href=""http://twitter.com/download/iphone"" rel=""nofollow"">Twitter for iPhone</a>",This is Duddles. He did an attempt. 13/10 someone help him (vid by Georgia Felici) https://t.co/UDT7ZkcTgY,,,,13,10,Duddles,none,https://pbs.twimg.com/ext_tw_video_thumb/879415784908390401/pu/img/cX7XI1TnUsseGET5.jpg,1,English springer,0.383404,True,Boston bull,0.134967,True,Cardigan,0.110481,True,37456,92866
879376492567855104,2017-06-26 16:31:08+00:00,"<a href=""http://twitter.com/download/iphone"" rel=""nofollow"">Twitter for iPhone</a>",This is Jack AKA Stephen Furry. You're not scoring on him. Unless he slips down the slide. 12/10 would happily get blocked by https://t.co/0gOi601EAa,,,,12,10,Jack,none,https://pbs.twimg.com/media/DDQsQGFV0AAw6u9.jpg,1,tricycle,0.663601,False,Labrador retriever,0.0334961,True,Pembroke,0.0188266,True,2649,14860
879050749262655488,2017-06-25 18:56:45+00:00,"<a href=""http://twitter.com/download/iphone"" rel=""nofollow"">Twitter for iPhone</a>",This is Steven. He has trouble relating to other dogs. Quite shy. Neck longer than average. Tropical probably. 11/10 would still pet https://t.co/2mJCDEJWdD,,,,11,10,Steven,none,https://pbs.twimg.com/media/DDMD_phXoAQ1qf0.jpg,1,tabby,0.311861,False,window screen,0.169123,False,Egyptian cat,0.132932,False,3956,19813
879008229531029506,2017-06-25 16:07:47+00:00,"<a href=""http://twitter.com/download/iphone"" rel=""nofollow"">Twitter for iPhone</a>",This is Beau. That is Beau's balloon. He takes it everywhere. 13/10 would protect at all costs https://t.co/YDtpCjIPKN,,,,13,10,Beau,none,https://pbs.twimg.com/media/DDLdUrqXYAMOVzY.jpg,1,vizsla,0.960513,True,miniature pinscher,0.00943065,True,American Staffordshire terrier,0.0087113,True,2241,16781
878776093423087618,2017-06-25 00:45:22+00:00,"<a href=""http://twitter.com/download/iphone"" rel=""nofollow"">Twitter for iPhone</a>",This is Snoopy. He's a proud #PrideMonthPuppo. Impeccable handwriting for not having thumbs. 13/10 would love back #PrideMonth https://t.co/lNZwgNO4gS,,,,13,10,Snoopy,puppo,https://pbs.twimg.com/media/DDIKMXzW0AEibje.jpg,2,Italian greyhound,0.734684,True,whippet,0.15048699999999998,True,Ibizan hound,0.0397246,True,3432,17136
878281511006478336,2017-06-23 16:00:04+00:00,"<a href=""http://twitter.com/download/iphone"" rel=""nofollow"">Twitter for iPhone</a>","Meet Shadow. In an attempt to reach maximum zooming borkdrive, he tore his ACL. Still 13/10 tho. Help him out below

https://t.co/245xJJElsY https://t.co/lUiQH219v6",,,,13,10,Shadow,none,https://pbs.twimg.com/media/DDBIX9QVYAAohGa.jpg,1,basset,0.32042,True,collie,0.215975,True,Appenzeller,0.12850699999999998,True,1078,6779
878057613040115712,2017-06-23 01:10:23+00:00,"<a href=""http://twitter.com/download/iphone"" rel=""nofollow"">Twitter for iPhone</a>",This is Emmy. She was adopted today. Massive round of pupplause for Emmy and her new family. 14/10 for all involved https://t.co/cwtWnHMVpe,,,,14,10,Emmy,none,https://pbs.twimg.com/media/DC98vABUIAA97pz.jpg,1,French bulldog,0.839097,True,Boston bull,0.07879939999999999,True,toy terrier,0.0152434,True,5740,37150
877736472329191424,2017-06-22 03:54:17+00:00,"<a href=""http://twitter.com/download/iphone"" rel=""nofollow"">Twitter for iPhone</a>",This is Aja. She was just told she's a good dog. Suspicions confirmed. 13/10 would tell again https://t.co/lsPyyAiF1r,,,,13,10,Aja,none,https://pbs.twimg.com/media/DC5YqoQW0AArOLH.jpg,2,Chesapeake Bay retriever,0.8379559999999999,True,Labrador retriever,0.0620342,True,Weimaraner,0.0405991,True,15807,69292
877556246731214848,2017-06-21 15:58:08+00:00,"<a href=""http://twitter.com/download/iphone"" rel=""nofollow"">Twitter for iPhone</a>",This is Penny. She's both pupset and fired pup. Not pleased w your barbaric attempts at cleanliness. 12/10 would enjoy more shampoo options https://t.co/OYdDlfOGXP,,,,12,10,Penny,none,https://pbs.twimg.com/media/DC20wEcW0AAf59m.jpg,1,basset,0.995368,True,Welsh springer spaniel,0.00193621,True,bathtub,0.000467919,False,3168,19908
877316821321428993,2017-06-21 00:06:44+00:00,"<a href=""http://twitter.com/download/iphone"" rel=""nofollow"">Twitter for iPhone</a>","Meet Dante. At first he wasn't a fan of his new raincoat, then he saw his reflection. H*ckin handsome. 13/10 for water resistant good boy https://t.co/SHRTIo5pxc",,,,13,10,Dante,none,https://pbs.twimg.com/media/DCza_vtXkAQXGpC.jpg,1,Saluki,0.5099670000000001,True,Italian greyhound,0.0904973,True,golden retriever,0.0794058,True,4347,24156
877201837425926144,2017-06-20 16:29:50+00:00,"<a href=""http://twitter.com/download/iphone"" rel=""nofollow"">Twitter for iPhone</a>",This is Nelly. He graduated with his dogtorate today. Wants to know if you're proud of him. 12/10 would give congratulatory boop https://t.co/4g4cfj3P4Y,,,,12,10,Nelly,none,https://pbs.twimg.com/media/DCxyahJWsAAddSC.jpg,1,Pembroke,0.93112,True,Cardigan,0.0686982,True,basenji,8.17379e-05,True,4629,23865
876838120628539392,2017-06-19 16:24:33+00:00,"<a href=""http://twitter.com/download/iphone"" rel=""nofollow"">Twitter for iPhone</a>",This is Ginger. She's having a ruff Monday. Too many pupper things going on. H*ckin exhausting. 12/10 would snug passionately https://t.co/j211oCDRs6,,,,12,10,Ginger,pupper,https://pbs.twimg.com/media/DCsnnZsVwAEfkyi.jpg,1,bloodhound,0.575751,True,redbone,0.24097,True,Tibetan mastiff,0.08893480000000001,True,2804,18213
876484053909872640,2017-06-18 16:57:37+00:00,"<a href=""http://twitter.com/download/iphone"" rel=""nofollow"">Twitter for iPhone</a>",This is Benedict. He wants to thank you for this delightful urban walk. Hopes you know he loves you. 13/10 super duper good boy https://t.co/26BXueUgbs,,,,13,10,Benedict,none,https://pbs.twimg.com/media/DCnll_dUQAAkBdG.jpg,1,golden retriever,0.874566,True,Irish terrier,0.0373542,True,chow,0.016723599999999998,True,2000,16567
876120275196170240,2017-06-17 16:52:05+00:00,"<a href=""http://twitter.com/download/iphone"" rel=""nofollow"">Twitter for iPhone</a>","Meet Venti, a seemingly caffeinated puppoccino. She was just informed the weekend would include walks, pats and scritches. 13/10 much excite https://t.co/ejExJFq3ek",,,,13,10,Venti,none,https://pbs.twimg.com/media/DCiavj_UwAAcXep.jpg,1,Bernese mountain dog,0.534327,True,Saint Bernard,0.346312,True,Greater Swiss Mountain dog,0.0949327,True,3903,24687
875747767867523072,2017-06-16 16:11:53+00:00,"<a href=""http://twitter.com/download/iphone"" rel=""nofollow"">Twitter for iPhone</a>","This is Goose. He's a womanizer. Cheeky as h*ck, but also deep. Tongue slip game on another level. 13/10 will steal your girl https://t.co/V2WlACRJCN",,,,13,10,Goose,none,https://pbs.twimg.com/media/DCdH8YpUQAAiEbL.jpg,1,Labrador retriever,0.799551,True,Chesapeake Bay retriever,0.179975,True,vizsla,0.0046176,True,3582,22112
875144289856114688,2017-06-15 00:13:52+00:00,"<a href=""http://twitter.com/download/iphone"" rel=""nofollow"">Twitter for iPhone</a>",Meet Nugget and Hank. Nugget took Hank's bone. Hank is wondering if you would please return it to him. Both 13/10 would not intervene https://t.co/ogith9ejNj,,,,13,10,Nugget,none,https://pbs.twimg.com/ext_tw_video_thumb/875144175078957056/pu/img/BRi_l7vUdpb93Knf.jpg,1,Siberian husky,0.245048,True,Pembroke,0.223716,True,dingo,0.160753,False,4156,19420
875021211251597312,2017-06-14 16:04:48+00:00,"<a href=""http://twitter.com/download/iphone"" rel=""nofollow"">Twitter for iPhone</a>",Guys please stop sending pictures without any dogs in th- oh never mind hello excuse me sir. 12/10 stealthy as h*ck https://t.co/brCQoqc8AW,,,,12,10,None,none,https://pbs.twimg.com/media/DCSzF3NVoAAPzT4.jpg,2,West Highland white terrier,0.7143189999999999,True,Siberian husky,0.0919133,True,Great Pyrenees,0.0460382,True,3973,22547
874680097055178752,2017-06-13 17:29:20+00:00,"<a href=""http://twitter.com/download/iphone"" rel=""nofollow"">Twitter for iPhone</a>",Meet Cash. He hath acquired a stick. A very good stick tbh. 12/10 would pat head approvingly https://t.co/lZhtizkURD,,,,12,10,Cash,none,https://pbs.twimg.com/media/DCN85nGUwAAzG_q.jpg,1,Labrador retriever,0.836052,True,Staffordshire bullterrier,0.0470691,True,beagle,0.0360071,True,3919,24603
874296783580663808,2017-06-12 16:06:11+00:00,"<a href=""http://twitter.com/download/iphone"" rel=""nofollow"">Twitter for iPhone</a>",This is Jed. He may be the fanciest pupper in the game right now. Knows it too. 13/10 would sign modeling contract https://t.co/0YplNnSMEm,,,,13,10,Jed,pupper,https://pbs.twimg.com/media/DCIgSR0XgAANEOY.jpg,1,cocker spaniel,0.437216,True,miniature poodle,0.277191,True,toy poodle,0.157402,True,3482,22965
874057562936811520,2017-06-12 00:15:36+00:00,"<a href=""http://twitter.com/download/iphone"" rel=""nofollow"">Twitter for iPhone</a>","I can't believe this keeps happening. This, is a birb taking a bath. We only rate dogs. Please only send dogs. Thank you... 12/10 https://t.co/pwY9PQhtP2",,,,12,10,None,none,https://pbs.twimg.com/media/DCFGtdoXkAEsqIw.jpg,1,flat-coated retriever,0.8321770000000001,True,black-and-tan coonhound,0.040436900000000005,True,Newfoundland,0.0282283,True,3377,20118
874012996292530176,2017-06-11 21:18:31+00:00,"<a href=""http://twitter.com/download/iphone"" rel=""nofollow"">Twitter for iPhone</a>","This is Sebastian. He can't see all the colors of the rainbow, but he can see that this flag makes his human happy. 13/10 #PrideMonth puppo https://t.co/XBE0evJZ6V",,,,13,10,Sebastian,puppo,https://pbs.twimg.com/media/DCEeLxjXsAAvNSM.jpg,2,Cardigan,0.806674,True,Pembroke,0.116622,True,kelpie,0.0491819,True,8592,30127
873580283840344065,2017-06-10 16:39:04+00:00,"<a href=""http://twitter.com/download/iphone"" rel=""nofollow"">Twitter for iPhone</a>","We usually don't rate Deck-bound Saskatoon Black Bears, but this one is h*ckin flawless. Sneaky tongue slip too. 13/10 would hug firmly https://t.co/mNuMH9400n",,,,13,10,None,none,https://pbs.twimg.com/media/DB-UotKXkAEHXVi.jpg,1,Newfoundland,0.678537,True,Tibetan mastiff,0.244022,True,chow,0.0485295,True,3343,21382
873213775632977920,2017-06-09 16:22:42+00:00,"<a href=""http://twitter.com/download/iphone"" rel=""nofollow"">Twitter for iPhone</a>","This is Sierra. She's one precious pupper. Absolute 12/10. Been in and out of ICU her whole life. Help Sierra below

https://t.co/Xp01EU3qyD https://t.co/V5lkvrGLdQ",,,,12,10,Sierra,pupper,https://pbs.twimg.com/media/DB5HTBGXUAE0TiK.jpg,1,vizsla,0.6197819999999999,True,bloodhound,0.338069,True,Chesapeake Bay retriever,0.0126763,True,1331,6322
872967104147763200,2017-06-09 00:02:31+00:00,"<a href=""http://twitter.com/download/iphone"" rel=""nofollow"">Twitter for iPhone</a>",Here's a very large dog. He has a date later. Politely asked this water person to check if his breath is bad. 12/10 good to go doggo https://t.co/EMYIdoblMR,,,,12,10,None,doggo,https://pbs.twimg.com/media/DB1m871XUAAw5vZ.jpg,2,Labrador retriever,0.476913,True,Chesapeake Bay retriever,0.174145,True,German short-haired pointer,0.0928614,True,4562,24079
872820683541237760,2017-06-08 14:20:41+00:00,"<a href=""http://twitter.com/download/iphone"" rel=""nofollow"">Twitter for iPhone</a>","Here are my favorite #dogsatpollingstations 
Most voted for a more consistent walking schedule and to increase daily pats tenfold. All 13/10 https://t.co/17FVMl4VZ5",,,,13,10,None,none,https://pbs.twimg.com/media/DBzhx0PWAAEhl0E.jpg,3,pug,0.99912,True,French bulldog,0.00055192,True,bull mastiff,7.28904e-05,True,3167,13071
872620804844003328,2017-06-08 01:06:27+00:00,"<a href=""http://twitter.com/download/iphone"" rel=""nofollow"">Twitter for iPhone</a>",This is Monkey. She's supporting owners everywhere with her fancy #PrideMonth bandana. 13/10 love is love is love... https://t.co/lUcpnZDPz9,,,,13,10,Monkey,none,https://pbs.twimg.com/media/DBwr_hzXkAEnZBW.jpg,1,cocker spaniel,0.513191,True,Sussex spaniel,0.159088,True,standard poodle,0.149509,True,3067,18328
872486979161796608,2017-06-07 16:14:40+00:00,"<a href=""http://twitter.com/download/iphone"" rel=""nofollow"">Twitter for iPhone</a>",We. Only. Rate. Dogs. Do not send in other things like this fluffy floor shark clearly ready to attack. Get it together guys... 12/10 https://t.co/BZHiKx3FpQ,,,,12,10,None,none,https://pbs.twimg.com/media/DBuyRlTUwAAYhG9.jpg,1,Pembroke,0.931861,True,Cardigan,0.0377212,True,Chihuahua,0.0119667,True,7719,36100
872122724285648897,2017-06-06 16:07:15+00:00,"<a href=""http://twitter.com/download/iphone"" rel=""nofollow"">Twitter for iPhone</a>",This is Kody. He's a baller. Wishes he was a little bit taller. Double dribbles often. Still 12/10 would happily get dunked on https://t.co/PKSpmiefwN,,,,12,10,Kody,none,https://pbs.twimg.com/media/DBpm-5UXcAUeCru.jpg,1,basketball,0.808396,False,pug,0.06673630000000001,True,dalmatian,0.0545698,True,6829,30234
871879754684805121,2017-06-06 00:01:46+00:00,"<a href=""http://twitter.com/download/iphone"" rel=""nofollow"">Twitter for iPhone</a>",Say hello to Lassie. She's celebrating #PrideMonth by being a splendid mix of astute and adorable. Proudly supupporting her owner. 13/10 https://t.co/uK6PNyeh9w,,,,13,10,Lassie,none,https://pbs.twimg.com/media/DBmKAmBXUAE-pQ-.jpg,1,Shetland sheepdog,0.969171,True,collie,0.0182607,True,Pomeranian,0.00851534,True,9248,33113
871762521631449091,2017-06-05 16:15:56+00:00,"<a href=""http://twitter.com/download/iphone"" rel=""nofollow"">Twitter for iPhone</a>",This is Rover. As part of pupper protocol he had to at least attempt to eat the plant. Confirmed not tasty. Needs peanut butter. 12/10 https://t.co/AiVljI6QCg,,,,12,10,Rover,pupper,https://pbs.twimg.com/media/DBkfY58XcAEdzZy.jpg,2,Labrador retriever,0.921393,True,golden retriever,0.064608,True,bloodhound,0.00338337,True,2970,17890
871515927908634625,2017-06-04 23:56:03+00:00,"<a href=""http://twitter.com/download/iphone"" rel=""nofollow"">Twitter for iPhone</a>",This is Napolean. He's a Raggedy East Nicaraguan Zoom Zoom. Runs on one leg. Built for deception. No eyes. Good with kids. 12/10 great doggo https://t.co/PR7B7w1rUw,,,,12,10,Napolean,doggo,https://pbs.twimg.com/media/DBg_HT9WAAEeIMM.jpg,2,komondor,0.974781,True,briard,0.0200413,True,swab,0.00322824,False,2941,17894
871032628920680449,2017-06-03 15:55:36+00:00,"<a href=""http://twitter.com/download/iphone"" rel=""nofollow"">Twitter for iPhone</a>","This is Boomer. He's doing an advanced water takeoff. The opposite of Sully. Ears for control, mlem for style. 13/10 simply breathtaking https://t.co/noNpY2Laoo",,,,13,10,Boomer,none,https://pbs.twimg.com/media/DBaHi3YXgAE6knM.jpg,1,kelpie,0.3980530000000001,True,macaque,0.0689549,False,dingo,0.0506018,False,3225,20161
870804317367881728,2017-06-03 00:48:22+00:00,"<a href=""http://twitter.com/download/iphone"" rel=""nofollow"">Twitter for iPhone</a>",Real funny guys. Sending in a pic without a dog in it. Hilarious. We'll rate the rug tho because it's giving off a very good vibe. 11/10 https://t.co/GCD1JccCyi,,,,11,10,None,none,https://pbs.twimg.com/media/DBW35ZsVoAEWZUU.jpg,1,home theater,0.16829000000000002,False,sandbar,0.0980404,False,television,0.07972939999999999,False,5284,29805
870656317836468226,2017-06-02 15:00:16+00:00,"<a href=""http://twitter.com/download/iphone"" rel=""nofollow"">Twitter for iPhone</a>","This is Cody. He zoomed too aggressively and tore his ACL. Happens to the best of us. Still 13/10

Help Cody here: https://t.co/4hxnDOt1CV https://t.co/42ryYRQ2Q4",,,,13,10,Cody,none,https://pbs.twimg.com/media/DBUxSSTXsAA-Jn1.jpg,4,Pembroke,0.945495,True,Cardigan,0.0458755,True,beagle,0.00432943,True,2208,10889
870374049280663552,2017-06-01 20:18:38+00:00,"<a href=""http://twitter.com/download/iphone"" rel=""nofollow"">Twitter for iPhone</a>",This is Zoey. She really likes the planet. Would hate to see willful ignorance and the denial of fairly elemental science destroy it. 13/10 https://t.co/T1xlgaPujm,,,,13,10,Zoey,none,https://pbs.twimg.com/media/DBQwlFCXkAACSkI.jpg,1,golden retriever,0.841001,True,Great Pyrenees,0.0992784,True,Labrador retriever,0.0326213,True,22753,73968
870308999962521604,2017-06-01 16:00:09+00:00,"<a href=""http://twitter.com/download/iphone"" rel=""nofollow"">Twitter for iPhone</a>","This is Rumble, but he's not ready to. Would rather fall asleep in his bath bucket. 13/10 would attempt a boop without waking https://t.co/MVQCzrF1g9",,,,13,10,Rumble,none,https://pbs.twimg.com/media/DBP1asiUAAEKZI5.jpg,2,Greater Swiss Mountain dog,0.6227520000000001,True,Appenzeller,0.15846300000000002,True,EntleBucher,0.148115,True,3549,19483
870063196459192321,2017-05-31 23:43:25+00:00,"<a href=""http://twitter.com/download/iphone"" rel=""nofollow"">Twitter for iPhone</a>",Meet Clifford. He's quite large. Also red. Good w kids. Somehow never steps on them. Massive poops very inconvenient. Still 14/10 would ride https://t.co/apVOyDgOju,,,,14,10,Clifford,none,https://pbs.twimg.com/media/DBMV3NnXUAAm0Pp.jpg,1,comic book,0.534409,False,envelope,0.280722,False,book jacket,0.043785500000000005,False,7075,32427
869772420881756160,2017-05-31 04:27:59+00:00,"<a href=""http://twitter.com/download/iphone"" rel=""nofollow"">Twitter for iPhone</a>","This is Dewey (pronounced ""covfefe""). He's having a good walk. Arguably the best walk. 13/10 would snug softly https://t.co/HciEaJkC4D",,,,13,10,Dewey,none,https://pbs.twimg.com/media/DBINZcxXgAQ-R6P.jpg,1,Pembroke,0.980148,True,Cardigan,0.0192711,True,malamute,0.00013626,True,8697,38017
869702957897576449,2017-05-30 23:51:58+00:00,"<a href=""http://twitter.com/download/iphone"" rel=""nofollow"">Twitter for iPhone</a>",Meet Stanley. He likes road trips. Will shift for you. One ear more effective than other. 13/10 we don't leave until you buckle pup Stanley https://t.co/vmCu3PFCQq,,,,13,10,Stanley,none,https://pbs.twimg.com/media/DBHOOfOXoAABKlU.jpg,1,Pembroke,0.993449,True,Cardigan,0.00632508,True,Chihuahua,0.000177598,True,5386,25063
869596645499047938,2017-05-30 16:49:31+00:00,"<a href=""http://twitter.com/download/iphone"" rel=""nofollow"">Twitter for iPhone</a>",This is Scout. He just graduated. Officially a doggo now. Have fun with taxes and losing sight of your ambitions. 12/10 would throw cap for https://t.co/DsA2hwXAJo,,,,12,10,Scout,doggo,https://pbs.twimg.com/media/DBFtiYqWAAAsjj1.jpg,1,Chihuahua,0.955156,True,toy terrier,0.00805373,True,muzzle,0.00629563,False,2640,14208
869227993411051520,2017-05-29 16:24:37+00:00,"<a href=""http://twitter.com/download/iphone"" rel=""nofollow"">Twitter for iPhone</a>",This is Gizmo. His favorite thing is standing pupright like a hooman. Sneaky tongue slip status achieved. 13/10 would boop well https://t.co/IoR3n1fiiQ,,,,13,10,Gizmo,none,https://pbs.twimg.com/media/DBAePiVXcAAqHSR.jpg,1,Pembroke,0.664181,True,Chihuahua,0.169234,True,Cardigan,0.1327,True,3201,18136
868880397819494401,2017-05-28 17:23:24+00:00,"<a href=""http://twitter.com/download/iphone"" rel=""nofollow"">Twitter for iPhone</a>",This is Walter. He won't start hydrotherapy without his favorite floatie. 14/10 keep it pup Walter https://t.co/r28jFx9uyF,,,,14,10,Walter,none,https://pbs.twimg.com/media/DA7iHL5U0AA1OQo.jpg,1,laptop,0.153718,False,French bulldog,0.0999839,True,printer,0.0771299,False,12263,57989
868622495443632128,2017-05-28 00:18:35+00:00,"<a href=""http://twitter.com/download/iphone"" rel=""nofollow"">Twitter for iPhone</a>",Here's a h*ckin peaceful boy. Unbothered by the comings and goings. 13/10 please reveal your wise ways https://t.co/yeaH8Ej5eM,,,,13,10,None,none,https://pbs.twimg.com/media/DA33i0XXsAEQtCA.jpg,1,Labrador retriever,0.868107,True,Great Pyrenees,0.060973,True,Saint Bernard,0.0334889,True,4473,23644
868552278524837888,2017-05-27 19:39:34+00:00,"<a href=""http://twitter.com/download/iphone"" rel=""nofollow"">Twitter for iPhone</a>","Say hello to Cooper. His expression is the same wet or dry. Absolute 12/10 but Coop desperately requests your help

https://t.co/ZMTE4Mr69f https://t.co/7RyeXTYLNi",,,,12,10,Cooper,none,https://pbs.twimg.com/media/DA23sCeVoAE3uF0.jpg,1,whippet,0.378151,True,Italian greyhound,0.275935,True,American Staffordshire terrier,0.0949906,True,1754,8973
867900495410671616,2017-05-26 00:29:37+00:00,"<a href=""http://twitter.com/download/iphone"" rel=""nofollow"">Twitter for iPhone</a>","Unbelievable. We only rate dogs. Please don't send in non-canines like the ""I"" from Pixar's opening credits. Thank you... 12/10 https://t.co/JMhDNv5wXZ",,,,12,10,None,none,https://pbs.twimg.com/media/DAtm5MkXoAA4R6P.jpg,1,Labrador retriever,0.522644,True,kuvasz,0.332461,True,dalmatian,0.0320081,True,3572,21609
867774946302451713,2017-05-25 16:10:44+00:00,"<a href=""http://twitter.com/download/iphone"" rel=""nofollow"">Twitter for iPhone</a>",Meet Harold.  He's h*ckin cooperative. 13/10 good work Harold https://t.co/ZYg3NZGICa,,,,13,10,Harold,none,https://pbs.twimg.com/media/DAr0tDZXUAEMvdu.jpg,2,Border collie,0.661953,True,Cardigan,0.175718,True,collie,0.0871424,True,6256,30278
867421006826221569,2017-05-24 16:44:18+00:00,"<a href=""http://twitter.com/download/iphone"" rel=""nofollow"">Twitter for iPhone</a>",This is Shikha. She just watched you drop a skittle on the ground and still eat it. Could not be less impressed. 12/10 superior puppo https://t.co/XZlZKd73go,,,,12,10,Shikha,puppo,https://pbs.twimg.com/media/DAmyy8FXYAIH8Ty.jpg,1,Eskimo dog,0.6164569999999999,True,Siberian husky,0.38133,True,malamute,0.00167022,True,2117,14350
867051520902168576,2017-05-23 16:16:06+00:00,"<a href=""http://twitter.com/download/iphone"" rel=""nofollow"">Twitter for iPhone</a>","Oh my this spooked me up. We only rate dogs, not happy ghosts. Please send dogs only. It's a very simple premise. Thank you... 13/10 https://t.co/M5Rz0R8SIQ",,,,13,10,None,none,https://pbs.twimg.com/media/DAhiwb0XcAA8x5Q.jpg,1,Samoyed,0.471403,True,Pekinese,0.302219,True,Pomeranian,0.156606,True,6789,28723
866686824827068416,2017-05-22 16:06:55+00:00,"<a href=""http://twitter.com/download/iphone"" rel=""nofollow"">Twitter for iPhone</a>",This is Lili. She can't believe you betrayed her with bath time. Never looking you in the eye again. 12/10 would puppologize profusely https://t.co/9b9J46E86Z,,,,12,10,Lili,none,https://pbs.twimg.com/media/DAcXEWuXkAIBDGJ.jpg,1,flat-coated retriever,0.51473,True,groenendael,0.30640700000000004,True,curly-coated retriever,0.0613141,True,2972,17134
866450705531457537,2017-05-22 00:28:40+00:00,"<a href=""http://twitter.com/download/iphone"" rel=""nofollow"">Twitter for iPhone</a>","This is Jamesy. He gives a kiss to every other pupper he sees on his walk. 13/10 such passion, much tender https://t.co/wk7TfysWHr",,,,13,10,Jamesy,pupper,https://pbs.twimg.com/media/DAZAUfBXcAAG_Nn.jpg,2,French bulldog,0.905334,True,Boston bull,0.0780597,True,pug,0.00177092,True,30211,108909
866334964761202691,2017-05-21 16:48:45+00:00,"<a href=""http://twitter.com/download/iphone"" rel=""nofollow"">Twitter for iPhone</a>",This is Coco. At first I thought she was a cloud but clouds don't bork with such passion. 12/10 would hug softly https://t.co/W86h5dgR6c,,,,12,10,Coco,none,https://pbs.twimg.com/media/DAXXDQNXgAAoYQH.jpg,1,Samoyed,0.984086,True,Pomeranian,0.00791928,True,keeshond,0.00332813,True,12215,46621
865718153858494464,2017-05-19 23:57:46+00:00,"<a href=""http://twitter.com/download/iphone"" rel=""nofollow"">Twitter for iPhone</a>","Meet Boomer. He's just checking pup on you. Hopes you had a good day. If not, he hopes he made it better. 13/10 extremely good boy https://t.co/pozUoHLkGg",,,,13,10,Boomer,none,https://pbs.twimg.com/media/DAOmEZiXYAAcv2S.jpg,1,golden retriever,0.673664,True,kuvasz,0.157523,True,Labrador retriever,0.126073,True,4851,22935
865359393868664832,2017-05-19 00:12:11+00:00,"<a href=""http://twitter.com/download/iphone"" rel=""nofollow"">Twitter for iPhone</a>",This is Sammy. Her tongue ejects without warning sometimes. It's a serious condition. Needs a hefty dose from a BlepiPen. 13/10 https://t.co/g20EmqK7vc,,,,13,10,Sammy,none,https://pbs.twimg.com/media/DAJfxqGVoAAnvQt.jpg,2,Chesapeake Bay retriever,0.832435,True,Labrador retriever,0.163551,True,Weimaraner,0.00277025,True,4292,23616
865006731092295680,2017-05-18 00:50:50+00:00,"<a href=""http://twitter.com/download/iphone"" rel=""nofollow"">Twitter for iPhone</a>",This is Nelly. He really hopes you like his Hawaiian shirt. He already tore the tags off. 13/10 h*ck of a puppurchase https://t.co/LbkG5CiM7o,,,,13,10,Nelly,none,https://pbs.twimg.com/media/DAEfCFXUIAA1uqj.jpg,1,Pembroke,0.989882,True,Cardigan,0.00990646,True,basenji,0.000134952,True,6675,25047
864873206498414592,2017-05-17 16:00:15+00:00,"<a href=""http://twitter.com/download/iphone"" rel=""nofollow"">Twitter for iPhone</a>",We only rate dogs. Please don't send in Jesus. We're trying to remain professional and legitimate. Thank you... 14/10 https://t.co/wr3xsjeCIR,,,,14,10,None,none,https://pbs.twimg.com/media/DAClmHkXcAA1kSv.jpg,2,pole,0.478616,False,lakeside,0.114182,False,wreck,0.0559265,False,7499,28869
864279568663928832,2017-05-16 00:41:21+00:00,"<a href=""http://twitter.com/download/iphone"" rel=""nofollow"">Twitter for iPhone</a>",This is Meatball. He doing what's known in the industry as a mid-strut mlem. H*ckin fancy boy. 12/10 I'd do anything for Meatball https://t.co/S2HdmFFPck,,,,12,10,Meatball,none,https://pbs.twimg.com/media/C_6JrWZVwAAHhCD.jpg,1,bull mastiff,0.668613,True,French bulldog,0.180562,True,Staffordshire bullterrier,0.0522374,True,2584,13074
864197398364647424,2017-05-15 19:14:50+00:00,"<a href=""http://twitter.com/download/iphone"" rel=""nofollow"">Twitter for iPhone</a>",This is Paisley. She ate a flower just to prove she could. Savage af. 13/10 would pet so well https://t.co/cPq9fYvkzr,,,,13,10,Paisley,none,https://pbs.twimg.com/media/C_4-8iPV0AA1Twg.jpg,4,golden retriever,0.945905,True,Labrador retriever,0.0212636,True,Tibetan mastiff,0.0204928,True,7589,26643
863907417377173506,2017-05-15 00:02:33+00:00,"<a href=""http://twitter.com/download/iphone"" rel=""nofollow"">Twitter for iPhone</a>",This is Albus. He's quite impressive at hide and seek. Knows he's been found this time. 13/10 usually elusive as h*ck https://t.co/ht47njyZ64,,,,13,10,Albus,none,https://pbs.twimg.com/media/C_03NPeUQAAgrMl.jpg,1,marmot,0.35882800000000004,False,meerkat,0.174703,False,weasel,0.123485,False,3592,18446
863553081350529029,2017-05-14 00:34:33+00:00,"<a href=""http://twitter.com/download/iphone"" rel=""nofollow"">Twitter for iPhone</a>",This is Neptune. He's a backpup vocalist for the Dixie Chicks. 13/10 (vid by @AmiWinehouse) https://t.co/tordvmaaop,,,,13,10,Neptune,none,https://pbs.twimg.com/ext_tw_video_thumb/863553036815355904/pu/img/B6Dos-XOD8l82tK7.jpg,1,Eskimo dog,0.41333,True,malamute,0.347646,True,Siberian husky,0.149536,True,3634,13690
863432100342583297,2017-05-13 16:33:49+00:00,"<a href=""http://twitter.com/download/iphone"" rel=""nofollow"">Twitter for iPhone</a>",This is Belle. She's never been more pupset. Encountered the worst imaginable type of zone. 12/10 would do anything to cheer pup https://t.co/fGQUzR8w3H,,,,12,10,Belle,none,https://pbs.twimg.com/media/C_uG6eAUAAAvMvR.jpg,1,Staffordshire bullterrier,0.690517,True,French bulldog,0.10336,True,beagle,0.07948939999999999,True,4557,21320
863079547188785154,2017-05-12 17:12:53+00:00,"<a href=""http://twitter.com/download/iphone"" rel=""nofollow"">Twitter for iPhone</a>","Ladies and gentlemen... I found Pipsy. He may have changed his name to Pablo, but he never changed his love for the sea. Pupgraded to 14/10 https://t.co/lVU5GyNFen",,,,14,10,None,none,https://pbs.twimg.com/media/C_pGRInUwAAmTY_.jpg,1,Lakeland terrier,0.275242,True,Airedale,0.190569,True,teddy,0.102595,False,953,7898
863062471531167744,2017-05-12 16:05:02+00:00,"<a href=""http://twitter.com/download/iphone"" rel=""nofollow"">Twitter for iPhone</a>","Say hello to Quinn. She's quite the goofball. Not even a year old. Confirmed 13/10 but she really needs your help 

https://t.co/MOBkQnyHib https://t.co/EsOB4rLEKt",,,,13,10,Quinn,none,https://pbs.twimg.com/media/C_o2vKCUwAAgtOp.jpg,2,French bulldog,0.935804,True,pug,0.0595762,True,boxer,0.00141218,True,2092,7529
862831371563274240,2017-05-12 00:46:44+00:00,"<a href=""http://twitter.com/download/iphone"" rel=""nofollow"">Twitter for iPhone</a>","This is Zooey. She's the world's biggest fan of illiterate delivery people. 13/10 not your fault they don't listen, Zooey https://t.co/ixOFQ1tfqE",,,,13,10,Zooey,none,https://pbs.twimg.com/media/C_lkieeVwAAm0L4.jpg,2,Australian terrier,0.207281,True,Irish terrier,0.156296,True,German shepherd,0.123536,True,4460,17220
862722525377298433,2017-05-11 17:34:13+00:00,"<a href=""http://twitter.com/download/iphone"" rel=""nofollow"">Twitter for iPhone</a>","This is Dave. He passed the h*ck out. It's barely the afternoon on a Thursday, Dave. Get it together. Still 11/10 would boop mid-snooze https://t.co/Eme9Uar6v2",,,,11,10,Dave,none,https://pbs.twimg.com/media/C_kBjuUUIAArs2-.jpg,1,basset,0.39333,True,beagle,0.24203400000000005,True,boxer,0.0776925,True,3091,15340
862457590147678208,2017-05-11 00:01:27+00:00,"<a href=""http://twitter.com/download/iphone"" rel=""nofollow"">Twitter for iPhone</a>","This is Jersey. He likes to watch movies, but only if you watch with him. Enjoys horror films like The Bababork and H*ckraiser. 13/10 https://t.co/jvSNASweNb",,,,13,10,Jersey,none,https://pbs.twimg.com/media/C_gQmaTUMAAPYSS.jpg,1,home theater,0.496348,False,studio couch,0.167256,False,barber chair,0.052625,False,4256,18291
862096992088072192,2017-05-10 00:08:34+00:00,"<a href=""http://twitter.com/download/iphone"" rel=""nofollow"">Twitter for iPhone</a>",We only rate dogs. Please don't send perfectly toasted marshmallows attempting to drive. Thank you... 13/10 https://t.co/nvZyyrp0kd,,,,13,10,None,none,https://pbs.twimg.com/media/C_bIo7QXYAAGfPu.jpg,2,chow,0.677589,True,Pomeranian,0.270648,True,Pekinese,0.0381099,True,20012,66322
861383897657036800,2017-05-08 00:54:59+00:00,"<a href=""http://twitter.com/download/iphone"" rel=""nofollow"">Twitter for iPhone</a>",This is Hobbes. He's never seen bubbles before. 13/10 deep breaths buddy https://t.co/QFRlbZw4Z1,,,,13,10,Hobbes,none,https://pbs.twimg.com/media/C_RAFTxUAAAbXjV.jpg,1,Cardigan,0.771008,True,Pembroke,0.137174,True,French bulldog,0.0633086,True,9272,32308
861288531465048066,2017-05-07 18:36:02+00:00,"<a href=""http://twitter.com/download/iphone"" rel=""nofollow"">Twitter for iPhone</a>",HI. MY. NAME. IS. BOOMER. AND. I. WANT. TO. SAY. IT'S. H*CKIN. RIDICULOUS. THAT. DOGS. CAN'T VOTE. ABSOLUTE. CODSWALLUP. THANK. YOU. 13/10 https://t.co/SqKJPwbQ2g,,,,13,10,None,none,https://pbs.twimg.com/ext_tw_video_thumb/861288473281437696/pu/img/RERGmRgPyaaaB-tB.jpg,1,syringe,0.14471199999999998,False,oxygen mask,0.106684,False,Bouvier des Flandres,0.0826102,True,3591,15356
861005113778896900,2017-05-06 23:49:50+00:00,"<a href=""http://twitter.com/download/iphone"" rel=""nofollow"">Twitter for iPhone</a>",This is Burt. He thinks your thesis statement is comically underdeveloped. 12/10 intellectual af https://t.co/jH6EN9cEn6,,,,12,10,Burt,none,https://pbs.twimg.com/media/C_LnlF5VoAEsL1K.jpg,1,German shepherd,0.507951,True,Pembroke,0.136113,True,muzzle,0.07576419999999999,False,3339,14997
860563773140209665,2017-05-05 18:36:06+00:00,"<a href=""http://twitter.com/download/iphone"" rel=""nofollow"">Twitter for iPhone</a>","Meet Lorenzo. He's an avid nifty hat wearer and absolute 13/10, but he needs your help to beat cancer. Link below

https://t.co/qZdSdzm08p https://t.co/oDIQ1KkdPt",,,,13,10,Lorenzo,none,https://pbs.twimg.com/media/C_FWL0vVwAA13N7.jpg,1,Cardigan,0.583936,True,Pembroke,0.0559794,True,beagle,0.0458957,True,1858,6725
860524505164394496,2017-05-05 16:00:04+00:00,"<a href=""http://twitter.com/download/iphone"" rel=""nofollow"">Twitter for iPhone</a>",This is Carl. He likes to dance. Doesn't care what you think about it. 13/10 h*ckin confident pup https://t.co/C2zHcNIu4I,,,,13,10,Carl,none,https://pbs.twimg.com/media/C_EyeKuXkAAdxY-.jpg,1,Bedlington terrier,0.286558,True,toy poodle,0.235193,True,Lakeland terrier,0.08795069999999999,True,4606,21267
860276583193509888,2017-05-04 23:34:55+00:00,"<a href=""http://twitter.com/download/iphone"" rel=""nofollow"">Twitter for iPhone</a>",This is Jordy. He likes to go on adventures and watch the small scaly underwater dogs with fins pass him by. 12/10 peaceful as h*ck https://t.co/xJo6S2sfsN,,,,12,10,Jordy,none,https://pbs.twimg.com/media/C_BQ_NlVwAAgYGD.jpg,1,lakeside,0.312299,False,dock,0.159842,False,canoe,0.07079450000000001,False,3074,16591
860184849394610176,2017-05-04 17:30:24+00:00,"<a href=""http://twitter.com/download/iphone"" rel=""nofollow"">Twitter for iPhone</a>","Here we have perhaps the wisest dog of all. Above average with light sabers. Immortal as h*ck. 14/10 dog, or dog not, there is no try https://t.co/upRYxG4KbG",,,,14,10,None,none,https://pbs.twimg.com/media/C-_9jWWUwAAnwkd.jpg,1,chimpanzee,0.267612,False,gorilla,0.104293,False,orangutan,0.0599075,False,5127,15023
859924526012018688,2017-05-04 00:15:58+00:00,"<a href=""http://twitter.com/download/iphone"" rel=""nofollow"">Twitter for iPhone</a>",Meet Milky. She has no idea what happened. Just as pupset as you. Perhaps a sheep exploded. Even offered to help clean. 12/10 very good girl https://t.co/g8vpXFzw29,,,,12,10,Milky,none,https://pbs.twimg.com/media/C-8QypZXcAAekaF.jpg,1,French bulldog,0.254587,True,Staffordshire bullterrier,0.192558,True,hog,0.10027,False,3584,17648
859851578198683649,2017-05-03 19:26:06+00:00,"<a href=""http://twitter.com/download/iphone"" rel=""nofollow"">Twitter for iPhone</a>",Meet Trooper. He picks pup recyclables that have blown out of bins in the neighborhood and puts them back. 13/10 environmentally savvy af https://t.co/BqSttrTuIl,,,,13,10,Trooper,none,https://pbs.twimg.com/media/C-7OcfyXsAAsqzU.jpg,4,Labrador retriever,0.899086,True,golden retriever,0.0470908,True,kuvasz,0.0232063,True,3070,13975
859607811541651456,2017-05-03 03:17:27+00:00,"<a href=""http://twitter.com/download/iphone"" rel=""nofollow"">Twitter for iPhone</a>",Sorry for the lack of posts today. I came home from school and had to spend quality time with my puppo. Her name is Zoey and she's 13/10 https://t.co/BArWupFAn0,,,,13,10,None,puppo,https://pbs.twimg.com/media/C-3wvtxXcAUTuBE.jpg,1,golden retriever,0.8955290000000001,True,Irish setter,0.0240993,True,Labrador retriever,0.0192854,True,1365,16843
859196978902773760,2017-05-02 00:04:57+00:00,"<a href=""http://twitter.com/download/iphone"" rel=""nofollow"">Twitter for iPhone</a>",We only rate dogs. This is quite clearly a smol broken polar bear. We'd appreciate if you only send dogs. Thank you... 12/10 https://t.co/g2nSyGenG9,,,,12,10,quite,none,https://pbs.twimg.com/ext_tw_video_thumb/859196962498805762/pu/img/-yBpr4-o4GJZECYE.jpg,1,Angora,0.224218,False,malamute,0.216163,True,Persian cat,0.128383,False,26288,80601
